name,element,GW,bonus,clean_sheets,goals_conceded,minutes,own_goals,penalties_saved,saves,selected,value,transfers_balance,yellow_cards,total_points
Folarin Balogun,1,9,0,0,0,0,0,0,0,0.2,4.4,-47660,0,0
Gabriel Fernando de Jesus,8,9,2,2,4,362,0,0,0,2.7,7.9,-36816,2,18
Eddie Nketiah,13,9,5,6,4,679,0,0,0,6.0,5.5,183899,2,47
Keinan Davis,39,9,0,0,0,0,0,0,0,0.1,4.9,-16406,0,0
Jhon Durán,44,9,3,0,0,68,0,0,0,0.3,5.0,13510,2,15
Ollie Watkins,60,9,8,2,14,860,0,0,0,41.9,8.4,1767850,0,72
Wesley Moraes Ferreira da Silva,61,9,0,0,0,0,0,0,0,0.0,5.0,-736,0,0
Kieffer Moore,76,9,0,0,1,83,0,0,0,0.3,4.7,-22685,0,5
Antoine Semenyo,82,9,4,0,9,322,0,0,0,2.6,4.5,142259,1,24
Dominic Solanke,85,9,3,1,20,894,0,0,0,3.1,6.4,20320,1,41
Halil Dervişoğlu,100,9,0,0,0,0,0,0,0,0.0,4.5,-734,0,0
Ivan Toney,117,9,0,0,0,0,0,0,0,0.1,7.9,-6965,0,0
Yoane Wissa,119,9,7,4,10,833,0,0,0,9.9,5.9,336585,1,44
Neal Maupay,258,9,0,2,4,264,0,0,0,0.7,4.9,-51930,2,13
Aaron Connolly,127,9,0,0,0,0,0,0,0,0.0,4.5,-3516,0,0
Evan Ferguson,132,9,5,1,12,510,0,0,0,6.8,6.0,8434,0,39
João Pedro Junqueira de Jesus,135,9,3,1,11,488,0,0,0,9.4,5.3,-1399147,1,27
Deniz Undav,149,9,0,0,0,0,0,0,0,0.0,5.5,-4341,0,0
Danny Welbeck,154,9,1,2,7,407,0,0,0,0.8,5.8,-160055,1,15
Andi Zeqiri,155,9,0,0,0,0,0,0,0,0.6,4.4,-63202,0,0
Lyle Foster,168,9,4,1,19,609,0,0,0,1.8,5.0,134711,0,33
Michael Obafemi,174,9,0,0,0,0,0,0,0,0.0,4.9,-2904,0,0
Jay Rodriguez,177,9,0,0,3,113,0,0,0,0.2,5.3,-14236,0,5
Wout Weghorst,183,9,0,0,0,0,0,0,0,0.0,5.5,-14509,0,0
Zeki Amdouni,594,9,2,1,14,584,0,0,0,0.2,5.4,6441,1,20
Pierre-Emerick Aubameyang,188,9,0,0,0,0,0,0,0,0.0,6.5,-1895,0,0
Armando Broja,193,9,0,1,1,120,0,0,0,0.2,4.9,16509,0,8
David Datro Fofana,200,9,0,0,0,0,0,0,0,0.0,5.0,-349,0,0
Romelu Lukaku Bolingoli,207,9,0,0,0,0,0,0,0,0.3,6.8,-50919,0,0
Nicolas Jackson,211,9,2,3,9,668,0,0,0,4.5,6.8,-1065426,5,21
Christopher Nkunku,212,9,0,0,0,0,0,0,0,0.5,7.3,-111002,0,0
Mason Burstow,623,9,0,0,1,8,0,0,0,0.1,4.5,-8368,0,2
Deivid Washington de Souza Eugênio,677,9,0,0,1,9,0,0,0,0.1,4.5,2760,0,1
Ronnie Stutter,717,9,0,0,0,0,0,0,0,0.0,4.5,1300,0,0
Odsonne Edouard,225,9,6,3,10,776,0,0,0,3.5,5.5,121544,1,39
Jean-Philippe Mateta,232,9,0,2,7,374,0,0,0,0.6,4.9,12365,1,20
Luke Plange,237,9,0,0,0,0,0,0,0,0.0,4.5,-1352,0,0
John-Kymani Gordon,658,9,0,0,0,0,0,0,0,0.1,4.5,-1431,0,0
Ademola Ola-Adebomi,720,9,0,0,0,0,0,0,0,0.0,4.5,1295,0,0
Dominic Calvert-Lewin,246,9,3,3,5,408,0,0,0,1.1,5.8,19058,0,26
Ellis Simms,264,9,0,0,0,0,0,0,0,0.0,4.5,-3123,0,0
Youssef Ramalho Chermiti,645,9,0,0,2,30,0,0,0,0.0,4.9,-2189,1,4
Thomas Cannon,649,9,0,0,0,1,0,0,0,0.0,4.5,-938,0,1
Norberto Bercique Gomes Betuncal,691,9,0,1,5,283,0,0,0,0.2,5.9,11343,0,9
Aleksandar Mitrović,278,9,0,0,0,32,0,0,0,0.7,7.4,-336711,0,1
Rodrigo Muniz Carvalho,279,9,0,0,2,57,0,0,0,0.6,4.4,4181,1,3
Carlos Vinícius Alves Morais,287,9,2,0,2,198,0,0,0,1.8,4.8,-213413,0,12
Raúl Jiménez,558,9,0,2,12,605,0,0,0,0.7,5.3,-58132,1,13
Jay Stansfield,651,9,0,0,0,0,0,0,0,0.0,4.5,-502,0,0
Darwin Núñez Ribeiro,293,9,4,2,3,416,0,0,0,13.3,7.4,-72809,1,47
Cody Gakpo,297,9,3,0,5,350,0,0,0,2.2,7.2,-421809,0,21
Elijah Adebayo,314,9,2,0,7,360,0,0,0,0.7,4.8,-39435,0,24
John McAtee,324,9,0,0,0,0,0,0,0,0.7,4.5,-204345,0,0
Carlton Morris,326,9,7,0,20,846,0,0,0,4.9,5.5,349220,1,41
Admiral Muskwe,327,9,0,0,0,0,0,0,0,0.1,4.5,-15107,0,0
Chiedozie Ogbene,328,9,2,0,13,595,0,0,0,0.1,4.9,-4688,0,22
Aribim Pepple,331,9,0,0,0,0,0,0,0,0.1,4.5,-14817,0,0
Joe Taylor,336,9,0,0,0,0,0,0,0,0.1,4.5,-22493,0,0
Cauley Woodrow,340,9,0,0,2,74,0,0,0,1.1,4.4,28111,0,7
Jacob Brown,631,9,0,0,13,560,0,0,0,0.1,4.9,1797,2,17
Julián Álvarez,343,9,11,4,6,838,0,0,0,34.2,7.2,2746868,2,59
Erling Haaland,355,9,11,4,7,889,0,0,0,84.0,14.0,-429915,0,79
Anthony Martial,390,9,0,0,4,219,0,0,0,0.3,6.5,-8137,0,9
Shola Shoretire,399,9,0,0,0,0,0,0,0,0.3,4.4,4165,0,0
Rasmus Højlund,617,9,0,1,9,490,0,0,0,5.4,7.1,388629,0,13
Alexander Isak,415,9,6,2,6,491,0,0,0,16.6,7.5,-459873,0,44
Callum Wilson,433,9,4,3,7,418,0,0,0,5.1,7.8,-369960,1,44
Taiwo Awoniyi,437,9,3,1,9,508,0,0,0,2.3,6.4,78188,1,34
Emmanuel Dennis,443,9,0,0,0,0,0,0,0,0.2,4.8,-41097,0,0
Sam Surridge,464,9,0,0,0,0,0,0,0,0.2,4.5,-24160,0,0
Hwang Ui-jo,466,9,0,0,0,0,0,0,0,0.5,4.4,-88277,0,0
Chris Wood,468,9,5,1,2,232,0,0,0,0.9,4.9,23775,0,28
Divock Origi,714,9,0,0,0,58,0,0,0,0.1,5.0,7327,1,3
Cameron Archer,33,9,3,0,20,536,0,0,0,9.3,4.5,352521,2,22
Rhian Brewster,477,9,0,0,5,118,0,0,0,0.0,4.9,-4175,0,4
Daniel Jebbison,483,9,0,0,0,0,0,0,0,0.0,4.8,-1019,0,0
Oliver McBurnie,485,9,1,0,11,430,0,0,0,0.0,5.4,-2423,1,14
Iliman Ndiaye,486,9,0,0,0,0,0,0,0,0.0,5.5,-2087,0,0
William Osula,490,9,0,0,3,233,0,0,0,0.7,4.3,-84781,2,4
Bénie Traoré,593,9,0,0,9,323,0,0,0,0.0,5.2,-4079,0,9
Louie Marsh,654,9,0,0,0,0,0,0,0,0.0,4.5,-762,0,0
Antwoine Hackford,656,9,0,0,1,11,0,0,0,0.1,4.5,1841,0,2
Harry Kane,500,9,0,0,0,0,0,0,0,0.6,12.5,-318027,0,0
Dane Scarlett,640,9,0,0,0,0,0,0,0,0.2,4.5,-20104,0,0
Alejo Véliz,641,9,0,0,0,10,0,0,0,0.1,5.4,-2682,1,2
Jamie Donley,722,9,0,0,0,0,0,0,0,0.0,4.5,1437,0,0
Michail Antonio,523,9,4,4,11,738,0,0,0,3.6,5.8,61073,2,32
Danny Ings,535,9,0,0,3,42,0,0,0,0.7,5.7,-117870,0,7
Divin Mubama,538,9,0,0,0,0,0,0,0,6.9,4.3,-400970,0,0
Gianluca Scamacca,541,9,0,0,0,0,0,0,0,0.0,6.0,-4866,0,0
Fábio Silva,552,9,0,1,7,250,0,0,0,0.2,5.3,-10996,1,8
Sasa Kalajdzic,562,9,4,0,1,51,0,0,0,0.2,4.9,-1514,0,18
Matheus Santos Carneiro Da Cunha,590,9,2,1,15,801,0,0,0,0.9,5.5,40644,1,32
Nathan Fraser,704,9,0,0,0,0,0,0,0,0.1,4.5,4909,0,0
